{"1": {"\u0642\u0633\u0645": 0.68419160127967771, "\u0627\u0644\u062d\u0627\u0633\u0648\u0628": 0.25251476288862978, "\u0639\u0646\u0648\u0627\u0646": 0.0, "\u0639\u0644\u0648\u0645": 0.68419160127967771}, "2": {"\u0627\u0644\u0630\u0643\u0627\u0621": 0.68419160127967771, "\u0641\u0631\u0639": 0.25251476288862978, "\u0627\u0644\u0627\u0635\u0637\u0646\u0627\u0639\u064a": 0.68419160127967771, "\u0639\u0646\u0648\u0627\u0646": 0.0}, "3": {"\u0627\u0645\u0646\u064a\u0629": 0.8865102981879297, "\u0627\u0644\u062d\u0627\u0633\u0648\u0628": 0.32718457421365998, "\u0641\u0631\u0639": 0.32718457421365998, "\u0639\u0646\u0648\u0627\u0646": 0.0}}